{"bounds":{"lowerRight":{"x":1485.0,"y":700.0},"upperLeft":{"x":0.0,"y":0.0}},"resourceId":"canvas","stencil":{"id":"BPMNDiagram"},"stencilset":{"namespace":"http://b3mn.org/stencilset/bpmn2.0#","url":"../editor/stencilsets/bpmn2.0/bpmn2.0.json"},"properties":{"process_id":"SuperCoolProcess","name":"Super Cool Process","executionlisteners":{"executionListeners":[]},"eventlisteners":{"eventListeners":[{"event":"TIMER_FIRED","events":[{"event":"TIMER_FIRED"}],"delegateExpression":"${timerFiredEventListener}","implementation":"${timerFiredEventListener}"}]},"signaldefinitions":[],"messagedefinitions":[],"process_namespace":"http://www.activiti.org/processdef"},"childShapes":[{"bounds":{"lowerRight":{"x":130.0,"y":193.0},"upperLeft":{"x":100.0,"y":163.0}},"resourceId":"startEvent1","childShapes":[],"stencil":{"id":"StartNoneEvent"},"properties":{"overrideid":"startEvent1","executionlisteners":{"executionListeners":[]},"asynchronousdefinition":false,"exclusivedefinition":false},"outgoing":[{"resourceId":"sid-307FA29E-2C52-4EB0-A920-24FD96C74B11"}]},{"bounds":{"lowerRight":{"x":265.0,"y":215.0},"upperLeft":{"x":165.0,"y":135.0}},"resourceId":"sid-8ABF14B1-F25D-4BEA-A2C7-4D6BC599110A","childShapes":[],"stencil":{"id":"UserTask"},"properties":{"overrideid":"sid-8ABF14B1-F25D-4BEA-A2C7-4D6BC599110A","name":"user-task","usertasksendemail":true,"usertaskassignment":{"assignment":{"type":"idm","idm":{"type":"initiator"},"initiatorCanCompleteTask":false}},"duedatedefinition":{"duedateExpression":"P5D"},"executionlisteners":{"executionListeners":[]},"isforcompensation":false,"asynchronousdefinition":false,"exclusivedefinition":false,"tasklisteners":{"taskListeners":[]}},"outgoing":[{"resourceId":"sid-4FC51B17-B4FE-42D0-A386-4EA8BFF57BF0"},{"resourceId":"sid-A9F66E9B-42C3-4FA8-AF2E-66DEBBF2520D"}]},{"bounds":{"lowerRight":{"x":172.0,"y":212.0},"upperLeft":{"x":128.0,"y":212.0}},"resourceId":"sid-307FA29E-2C52-4EB0-A920-24FD96C74B11","childShapes":[],"stencil":{"id":"SequenceFlow"},"dockers":[{"x":15.0,"y":15.0},{"x":50.0,"y":40.0}],"outgoing":[{"resourceId":"sid-8ABF14B1-F25D-4BEA-A2C7-4D6BC599110A"}],"target":{"resourceId":"sid-8ABF14B1-F25D-4BEA-A2C7-4D6BC599110A"},"properties":{"overrideid":"sid-307FA29E-2C52-4EB0-A920-24FD96C74B11","executionlisteners":{"executionListeners":[]}}},{"bounds":{"lowerRight":{"x":613.0,"y":192.0},"upperLeft":{"x":585.0,"y":164.0}},"resourceId":"sid-91482DB2-5627-48FB-BBA0-9EECC3607DB0","childShapes":[],"stencil":{"id":"EndNoneEvent"},"properties":{"overrideid":"sid-91482DB2-5627-48FB-BBA0-9EECC3607DB0","executionlisteners":{"executionListeners":[]},"asynchronousdefinition":false,"exclusivedefinition":false},"outgoing":[]},{"bounds":{"lowerRight":{"x":328.0,"y":88.0},"upperLeft":{"x":300.0,"y":60.0}},"resourceId":"sid-D8BA6C34-2D8A-453B-96DF-A2A01C7C42A3","childShapes":[],"stencil":{"id":"EndNoneEvent"},"properties":{"overrideid":"sid-D8BA6C34-2D8A-453B-96DF-A2A01C7C42A3","executionlisteners":{"executionListeners":[]},"asynchronousdefinition":false,"exclusivedefinition":false},"outgoing":[]},{"bounds":{"lowerRight":{"x":172.0,"y":212.0},"upperLeft":{"x":128.0,"y":212.0}},"resourceId":"sid-7D2F46A6-9387-4C26-A71B-58F3150656C0","childShapes":[],"stencil":{"id":"SequenceFlow"},"dockers":[{"x":15.5,"y":15.5},{"x":224.7323130053256,"y":74.0},{"x":14.0,"y":14.0}],"outgoing":[{"resourceId":"sid-D8BA6C34-2D8A-453B-96DF-A2A01C7C42A3"}],"target":{"resourceId":"sid-D8BA6C34-2D8A-453B-96DF-A2A01C7C42A3"},"properties":{"overrideid":"sid-7D2F46A6-9387-4C26-A71B-58F3150656C0","executionlisteners":{"executionListeners":[]}}},{"bounds":{"lowerRight":{"x":385.0,"y":215.0},"upperLeft":{"x":285.0,"y":135.0}},"resourceId":"sid-1056819D-892C-48A5-BD43-5ABB2C3723D8","childShapes":[],"stencil":{"id":"UserTask"},"properties":{"overrideid":"sid-1056819D-892C-48A5-BD43-5ABB2C3723D8","name":"My New Task","usertasksendemail":true,"usertaskassignment":{"assignment":{"type":"idm","idm":{"type":"initiator"},"initiatorCanCompleteTask":false}},"executionlisteners":{"executionListeners":[]},"isforcompensation":false,"asynchronousdefinition":false,"exclusivedefinition":false,"tasklisteners":{"taskListeners":[]}},"outgoing":[{"resourceId":"sid-8FDE617F-7C00-499C-A714-D741AD2C41F6"}]},{"bounds":{"lowerRight":{"x":172.0,"y":212.0},"upperLeft":{"x":128.0,"y":212.0}},"resourceId":"sid-4FC51B17-B4FE-42D0-A386-4EA8BFF57BF0","childShapes":[],"stencil":{"id":"SequenceFlow"},"dockers":[{"x":50.0,"y":40.0},{"x":50.0,"y":40.0}],"outgoing":[{"resourceId":"sid-1056819D-892C-48A5-BD43-5ABB2C3723D8"}],"target":{"resourceId":"sid-1056819D-892C-48A5-BD43-5ABB2C3723D8"},"properties":{"overrideid":"sid-4FC51B17-B4FE-42D0-A386-4EA8BFF57BF0","executionlisteners":{"executionListeners":[]}}},{"bounds":{"lowerRight":{"x":208.02548742331342,"y":134.97236260336405},"upperLeft":{"x":177.02548742331342,"y":103.97236260336405}},"resourceId":"sid-A9F66E9B-42C3-4FA8-AF2E-66DEBBF2520D","childShapes":[],"stencil":{"id":"BoundaryTimerEvent"},"dockers":[{"x":12.025487423313422,"y":-31.027637396635953}],"properties":{"overrideid":"sid-A9F66E9B-42C3-4FA8-AF2E-66DEBBF2520D","cancelactivity":true,"timerdurationdefinition":"PT5M","executionlisteners":{"executionListeners":[]},"asynchronousdefinition":false,"exclusivedefinition":false},"outgoing":[{"resourceId":"sid-7D2F46A6-9387-4C26-A71B-58F3150656C0"}]},{"bounds":{"lowerRight":{"x":530.0,"y":215.0},"upperLeft":{"x":430.0,"y":135.0}},"resourceId":"sid-B964490D-880A-43AA-973E-BEF25157CB1F","childShapes":[],"stencil":{"id":"UserTask"},"properties":{"overrideid":"sid-B964490D-880A-43AA-973E-BEF25157CB1F","name":"Another task","usertasksendemail":true,"usertaskassignment":{"assignment":{"type":"idm","idm":{"type":"initiator"},"initiatorCanCompleteTask":false}},"executionlisteners":{"executionListeners":[]},"isforcompensation":false,"asynchronousdefinition":false,"exclusivedefinition":false,"tasklisteners":{"taskListeners":[]}},"outgoing":[{"resourceId":"sid-92F50DD5-5766-4AA5-BF3A-F8F9B77B6006"}]},{"bounds":{"lowerRight":{"x":172.0,"y":212.0},"upperLeft":{"x":128.0,"y":212.0}},"resourceId":"sid-8FDE617F-7C00-499C-A714-D741AD2C41F6","childShapes":[],"stencil":{"id":"SequenceFlow"},"dockers":[{"x":50.0,"y":40.0},{"x":50.0,"y":40.0}],"outgoing":[{"resourceId":"sid-B964490D-880A-43AA-973E-BEF25157CB1F"}],"target":{"resourceId":"sid-B964490D-880A-43AA-973E-BEF25157CB1F"},"properties":{"overrideid":"sid-8FDE617F-7C00-499C-A714-D741AD2C41F6","executionlisteners":{"executionListeners":[]}}},{"bounds":{"lowerRight":{"x":172.0,"y":212.0},"upperLeft":{"x":128.0,"y":212.0}},"resourceId":"sid-92F50DD5-5766-4AA5-BF3A-F8F9B77B6006","childShapes":[],"stencil":{"id":"SequenceFlow"},"dockers":[{"x":50.0,"y":40.0},{"x":14.0,"y":14.0}],"outgoing":[{"resourceId":"sid-91482DB2-5627-48FB-BBA0-9EECC3607DB0"}],"target":{"resourceId":"sid-91482DB2-5627-48FB-BBA0-9EECC3607DB0"},"properties":{"overrideid":"sid-92F50DD5-5766-4AA5-BF3A-F8F9B77B6006","executionlisteners":{"executionListeners":[]}}}]}